timestamp=0.002244,B0=1
timestamp=0.002396,320=1
timestamp=0.002604,B2=1
timestamp=0.008206,20=1
timestamp=0.008452,223=1
timestamp=0.008700,B4=1
timestamp=0.008938,2D0=1
timestamp=0.009177,25=1
timestamp=0.009795,22=1
timestamp=0.010019,23=1
timestamp=0.014287,B0=1
timestamp=0.014539,224=1
timestamp=0.014747,B2=1
timestamp=0.016709,2C1=1
timestamp=0.018753,2C4=1
timestamp=0.020269,20=1
timestamp=0.020537,B4=1
timestamp=0.020958,25=1
timestamp=0.021864,22=1
timestamp=0.022084,23=1
timestamp=0.023890,2C6=1
timestamp=0.026376,B0=1
timestamp=0.026602,B2=1
timestamp=0.029928,520=1
timestamp=0.032066,340=1
timestamp=0.032328,20=1
timestamp=0.032574,223=1
timestamp=0.032822,B4=1
timestamp=0.033061,25=1
timestamp=0.033930,22=1
timestamp=0.034153,23=1
timestamp=0.037094,5D4=1
timestamp=0.038410,B0=1
timestamp=0.038663,224=1
timestamp=0.038871,B2=1
timestamp=0.040265,2D0=1
timestamp=0.042319,2C4=1
timestamp=0.044393,20=1
timestamp=0.044661,B4=1
timestamp=0.044963,25=1
timestamp=0.045985,22=1
timestamp=0.046207,23=1
timestamp=0.048461,2C1=1
timestamp=0.050485,B0=1
timestamp=0.050638,320=1
timestamp=0.050846,B2=1
timestamp=0.055619,2C6=1
timestamp=0.056465,20=1
timestamp=0.056712,223=1
timestamp=0.056960,B4=1
timestamp=0.057198,25=1
timestamp=0.058068,22=1
timestamp=0.058288,23=1
timestamp=0.062540,B0=1
timestamp=0.062792,224=1
timestamp=0.063001,B2=1
timestamp=0.065852,2C4=1
timestamp=0.068520,20=1
timestamp=0.068789,B4=1
timestamp=0.069027,25=1
timestamp=0.070123,22=1
timestamp=0.070345,23=1
timestamp=0.071999,2D0=1
timestamp=0.074633,B0=1
timestamp=0.074859,B2=1
timestamp=0.079591,583=1
timestamp=0.080189,2C1=1
timestamp=0.080413,340=1
timestamp=0.080655,20=1
timestamp=0.080902,223=1
timestamp=0.081150,B4=1
timestamp=0.081388,25=1
timestamp=0.082244,22=1
timestamp=0.082468,23=1
timestamp=0.086728,B0=1
timestamp=0.086980,224=1
timestamp=0.087188,B2=1
timestamp=0.087433,2C6=1
timestamp=0.089411,2C4=1
timestamp=0.092705,20=1
timestamp=0.092973,B4=1
timestamp=0.093211,25=1
timestamp=0.094307,22=1
timestamp=0.094527,23=1
timestamp=0.098801,B0=1
timestamp=0.098953,320=1
timestamp=0.099161,B2=1
timestamp=0.103749,2D0=1
timestamp=0.104763,20=1
timestamp=0.105009,223=1
timestamp=0.105248,25=1
timestamp=0.105496,B4=1
timestamp=0.106364,22=1
timestamp=0.106586,23=1
timestamp=0.110836,B0=1
timestamp=0.111088,224=1
timestamp=0.111296,B2=1
timestamp=0.111940,2C1=1
timestamp=0.112950,2C4=1
timestamp=0.116814,20=1
timestamp=0.117082,B4=1
timestamp=0.117321,25=1
timestamp=0.118404,22=1
timestamp=0.118629,23=1
timestamp=0.119099,2C6=1
timestamp=0.122943,B0=1
timestamp=0.123169,B2=1
timestamp=0.128306,340=1
timestamp=0.128889,20=1
timestamp=0.129135,223=1
timestamp=0.129373,25=1
timestamp=0.129621,B4=1
timestamp=0.130477,22=1
timestamp=0.130697,23=1
timestamp=0.134967,B0=1
timestamp=0.135219,224=1
timestamp=0.135428,B2=1
timestamp=0.135672,2D0=1
timestamp=0.136512,2C4=1
timestamp=0.140938,20=1
timestamp=0.141206,B4=1
timestamp=0.141444,25=1
timestamp=0.142530,22=1
timestamp=0.142752,23=1
timestamp=0.143668,2C1=1
timestamp=0.147096,B0=1
timestamp=0.147249,320=1
timestamp=0.147457,B2=1
timestamp=0.150849,2C6=1
timestamp=0.151777,526=1
timestamp=0.153065,20=1
timestamp=0.153311,223=1
timestamp=0.153559,B4=1
timestamp=0.153961,25=1
timestamp=0.154655,22=1
timestamp=0.154880,23=1
timestamp=0.156468,56F=1
timestamp=0.159160,B0=1
timestamp=0.159412,224=1
timestamp=0.159621,B2=1
timestamp=0.160051,2C4=1
timestamp=0.164232,5D7=1
timestamp=0.165138,20=1
timestamp=0.165406,B4=1
timestamp=0.165958,25=1
timestamp=0.166738,22=1
timestamp=0.166957,23=1
timestamp=0.167237,2D0=1
timestamp=0.171231,B0=1
timestamp=0.171457,B2=1
timestamp=0.175419,2C1=1
timestamp=0.176415,340=1
timestamp=0.177213,20=1
timestamp=0.177459,223=1
timestamp=0.177707,B4=1
timestamp=0.177972,25=1
timestamp=0.178805,22=1
timestamp=0.179030,23=1
timestamp=0.182579,2C6=1
timestamp=0.183279,B0=1
timestamp=0.183532,224=1
timestamp=0.183740,B2=1
timestamp=0.183976,2C4=1
timestamp=0.189254,20=1
timestamp=0.189522,B4=1
timestamp=0.189972,25=1
timestamp=0.190846,22=1
timestamp=0.191066,23=1
timestamp=0.195346,B0=1
timestamp=0.195498,320=1
timestamp=0.195707,B2=1
timestamp=0.195893,5D5=1
timestamp=0.198957,2D0=1
timestamp=0.201327,20=1
timestamp=0.201573,223=1
timestamp=0.201821,B4=1
timestamp=0.202059,25=1
timestamp=0.202923,22=1
timestamp=0.203147,23=1
timestamp=0.207149,2C1=1
timestamp=0.207387,2C4=1
timestamp=0.207597,B0=1
timestamp=0.207850,224=1
timestamp=0.208058,B2=1
timestamp=0.213410,20=1
timestamp=0.213678,B4=1
timestamp=0.213982,25=1
timestamp=0.214332,2C6=1
timestamp=0.214996,22=1
timestamp=0.215221,23=1
timestamp=0.219513,B0=1
timestamp=0.219739,B2=1
timestamp=0.224546,340=1
timestamp=0.225458,20=1
timestamp=0.225705,223=1
timestamp=0.225953,B4=1
timestamp=0.226191,25=1
timestamp=0.227051,22=1
timestamp=0.227271,23=1
timestamp=0.230709,2D0=1
timestamp=0.230945,2C4=1
timestamp=0.231549,B0=1
timestamp=0.231802,224=1
timestamp=0.232010,B2=1
timestamp=0.237516,20=1
timestamp=0.237784,B4=1
timestamp=0.238022,25=1
timestamp=0.238894,2C1=1
timestamp=0.239140,22=1
timestamp=0.239363,23=1
timestamp=0.243612,B0=1
timestamp=0.243765,320=1
timestamp=0.243973,B2=1
timestamp=0.246059,2C6=1
timestamp=0.249571,20=1
timestamp=0.249817,223=1
timestamp=0.250055,25=1
timestamp=0.250303,B4=1
timestamp=0.251177,22=1
timestamp=0.251397,23=1
timestamp=0.254243,2C4=1
timestamp=0.255677,B0=1
timestamp=0.255929,224=1
timestamp=0.256138,B2=1
timestamp=0.256324,591=1
timestamp=0.261662,20=1
timestamp=0.261930,B4=1
timestamp=0.262168,25=1
timestamp=0.262434,2D0=1
timestamp=0.263258,22=1
timestamp=0.263483,23=1
timestamp=0.267747,B0=1
timestamp=0.267973,B2=1
timestamp=0.270631,2C1=1
timestamp=0.272659,340=1
timestamp=0.273719,20=1
timestamp=0.273965,223=1
timestamp=0.274203,25=1
timestamp=0.274451,B4=1
timestamp=0.274692,420=1
timestamp=0.275312,22=1
timestamp=0.275534,23=1
timestamp=0.277808,2C4=1
timestamp=0.278052,2C6=1
timestamp=0.279822,B0=1
timestamp=0.280074,224=1
timestamp=0.280282,B2=1
timestamp=0.280533,3B2=1
timestamp=0.285806,20=1
timestamp=0.286075,B4=1
timestamp=0.286313,25=1
timestamp=0.287399,22=1
timestamp=0.287619,23=1
timestamp=0.291891,B0=1
timestamp=0.292043,320=1
timestamp=0.292251,B2=1
timestamp=0.294193,2D0=1
timestamp=0.297855,20=1
timestamp=0.298101,223=1
timestamp=0.298340,25=1
timestamp=0.298588,B4=1
timestamp=0.299454,22=1
timestamp=0.299676,23=1
timestamp=0.301344,2C4=1
timestamp=0.302378,2C1=1
timestamp=0.303928,B0=1
timestamp=0.304180,224=1
timestamp=0.304388,B2=1
timestamp=0.309538,2C6=1
timestamp=0.309872,20=1
timestamp=0.310140,B4=1
timestamp=0.310378,25=1
timestamp=0.311468,22=1
timestamp=0.311692,23=1
timestamp=0.315950,B0=1
timestamp=0.316177,B2=1
timestamp=0.320794,340=1
timestamp=0.321898,20=1
timestamp=0.322144,223=1
timestamp=0.322393,B4=1
timestamp=0.322631,25=1
timestamp=0.323497,22=1
timestamp=0.323717,23=1
timestamp=0.324903,2C4=1
timestamp=0.325919,2D0=1
timestamp=0.327981,B0=1
timestamp=0.328233,224=1
timestamp=0.328442,B2=1
timestamp=0.333938,20=1
timestamp=0.334176,2C1=1
timestamp=0.334424,B4=1
timestamp=0.334662,25=1
timestamp=0.335538,22=1
timestamp=0.335760,23=1
timestamp=0.340090,B0=1
timestamp=0.340242,320=1
timestamp=0.340451,B2=1
timestamp=0.341291,2C6=1
timestamp=0.346069,20=1
timestamp=0.346315,223=1
timestamp=0.346553,25=1
timestamp=0.346801,B4=1
timestamp=0.347657,22=1
timestamp=0.347881,23=1
timestamp=0.348437,2C4=1
timestamp=0.352161,B0=1
timestamp=0.352413,224=1
timestamp=0.352622,B2=1
timestamp=0.357673,2D0=1
timestamp=0.358105,20=1
timestamp=0.358374,B4=1
timestamp=0.359028,25=1
timestamp=0.359698,22=1
timestamp=0.359918,23=1
timestamp=0.364186,B0=1
timestamp=0.364412,B2=1
timestamp=0.365854,4C7=1
timestamp=0.366092,2C1=1
timestamp=0.368902,340=1
timestamp=0.370138,20=1
timestamp=0.370384,223=1
timestamp=0.370632,B4=1
timestamp=0.371033,25=1
timestamp=0.371728,22=1
timestamp=0.371951,23=1
timestamp=0.372187,2C4=1
timestamp=0.373019,2C6=1
timestamp=0.376225,B0=1
timestamp=0.376477,224=1
timestamp=0.376685,B2=1
timestamp=0.382191,20=1
timestamp=0.382459,B4=1
timestamp=0.383044,25=1
timestamp=0.383786,22=1
timestamp=0.384010,23=1
timestamp=0.387733,5CD=1
timestamp=0.388277,B0=1
timestamp=0.388430,320=1
timestamp=0.388638,B2=1
timestamp=0.389398,2D0=1
timestamp=0.394246,20=1
timestamp=0.394492,223=1
timestamp=0.394740,B4=1
timestamp=0.395037,25=1
timestamp=0.395535,2C4=1
timestamp=0.395845,22=1
timestamp=0.396065,23=1
timestamp=0.397585,2C1=1
timestamp=0.400313,B0=1
timestamp=0.400565,224=1
timestamp=0.400773,B2=1
timestamp=0.404767,2C6=1
timestamp=0.406259,20=1
timestamp=0.406527,B4=1
timestamp=0.407050,25=1
timestamp=0.407846,22=1
timestamp=0.408070,23=1
timestamp=0.412354,B0=1
timestamp=0.412580,B2=1
timestamp=0.417034,340=1
timestamp=0.418310,20=1
timestamp=0.418556,223=1
timestamp=0.418804,B4=1
timestamp=0.419052,25=1
timestamp=0.419288,2C4=1
timestamp=0.419904,22=1
timestamp=0.420125,23=1
timestamp=0.421155,2D0=1
timestamp=0.424401,B0=1
timestamp=0.424653,224=1
timestamp=0.424861,B2=1
timestamp=0.429333,2C1=1
timestamp=0.430349,20=1
timestamp=0.430617,B4=1
timestamp=0.430747,57A=1
timestamp=0.431066,25=1
timestamp=0.431947,22=1
timestamp=0.432174,23=1
timestamp=0.434035,4CE=1
timestamp=0.436449,B0=1
timestamp=0.436694,2C6=1
timestamp=0.436902,B2=1
timestamp=0.437054,320=1
timestamp=0.442428,20=1
timestamp=0.442674,223=1
timestamp=0.442922,B4=1
timestamp=0.443161,25=1
timestamp=0.443397,2C4=1
timestamp=0.444021,22=1
timestamp=0.444245,23=1
timestamp=0.448521,B0=1
timestamp=0.448773,224=1
timestamp=0.448981,B2=1
timestamp=0.452887,2D0=1
timestamp=0.454507,20=1
timestamp=0.454775,B4=1
timestamp=0.455073,25=1
timestamp=0.456107,22=1
timestamp=0.456327,23=1
timestamp=0.460603,B0=1
timestamp=0.460830,B2=1
timestamp=0.461070,2C1=1
timestamp=0.465145,340=1
timestamp=0.466192,2C4=1
timestamp=0.466584,20=1
timestamp=0.466830,223=1
timestamp=0.467068,25=1
timestamp=0.467316,B4=1
timestamp=0.468174,22=1
timestamp=0.468396,23=1
timestamp=0.468641,2C6=1
timestamp=0.472652,B0=1
timestamp=0.472905,224=1
timestamp=0.473113,B2=1
timestamp=0.478617,20=1
timestamp=0.478885,B4=1
timestamp=0.479123,25=1
timestamp=0.480209,22=1
timestamp=0.480429,23=1
timestamp=0.484633,2D0=1
timestamp=0.484843,B0=1
timestamp=0.484995,320=1
timestamp=0.485204,B2=1
timestamp=0.485630,56A=1
timestamp=0.489733,2C4=1
timestamp=0.490685,20=1
timestamp=0.490932,223=1
timestamp=0.491180,B4=1
timestamp=0.491418,25=1
timestamp=0.492280,22=1
timestamp=0.492504,23=1
timestamp=0.492814,2C1=1
timestamp=0.496776,B0=1
timestamp=0.497028,224=1
timestamp=0.497237,B2=1
timestamp=0.499976,2C6=1
timestamp=0.502722,20=1
timestamp=0.502991,B4=1
timestamp=0.503229,25=1
timestamp=0.504321,22=1
timestamp=0.504545,23=1
timestamp=0.508815,B0=1
timestamp=0.509043,B2=1
timestamp=0.513297,2C4=1
timestamp=0.513521,340=1
timestamp=0.514799,20=1
timestamp=0.515045,223=1
timestamp=0.515294,B4=1
timestamp=0.515532,25=1
timestamp=0.516358,2D0=1
timestamp=0.516604,22=1
timestamp=0.516824,23=1
timestamp=0.520892,B0=1
timestamp=0.521144,224=1
timestamp=0.521352,B2=1
timestamp=0.524544,2C1=1
timestamp=0.526856,20=1
timestamp=0.527124,B4=1
timestamp=0.527363,25=1
timestamp=0.528452,22=1
timestamp=0.528675,23=1
timestamp=0.531726,2C6=1
timestamp=0.532974,B0=1
timestamp=0.533127,320=1
timestamp=0.533335,B2=1
timestamp=0.536833,2C4=1
timestamp=0.538945,20=1
timestamp=0.539191,223=1
timestamp=0.539439,B4=1
timestamp=0.539677,25=1
timestamp=0.540535,22=1
timestamp=0.540760,23=1
timestamp=0.545151,B0=1
timestamp=0.545404,224=1
timestamp=0.545612,B2=1
timestamp=0.548106,2D0=1
timestamp=0.551142,20=1
timestamp=0.551410,B4=1
timestamp=0.551648,25=1
timestamp=0.552736,22=1
timestamp=0.552960,23=1
timestamp=0.556292,2C1=1
timestamp=0.557266,B0=1
timestamp=0.557452,591=1
timestamp=0.557660,B2=1
timestamp=0.560390,2C4=1
timestamp=0.561394,340=1
timestamp=0.562298,57F=1
timestamp=0.563238,20=1
timestamp=0.563485,223=1
timestamp=0.563733,B4=1
timestamp=0.563977,2C6=1
timestamp=0.564217,25=1
timestamp=0.564833,22=1
timestamp=0.565055,23=1
timestamp=0.569321,B0=1
timestamp=0.569573,224=1
timestamp=0.569782,B2=1
timestamp=0.575284,20=1
timestamp=0.575552,B4=1
timestamp=0.576110,25=1
timestamp=0.576878,22=1
timestamp=0.577102,23=1
timestamp=0.579836,2D0=1
timestamp=0.581406,B0=1
timestamp=0.581558,320=1
timestamp=0.581766,B2=1
timestamp=0.582017,3B2=1
timestamp=0.583927,2C4=1
timestamp=0.587371,20=1
timestamp=0.587617,223=1
timestamp=0.587865,B4=1
timestamp=0.588101,2C1=1
timestamp=0.588339,25=1
timestamp=0.588969,22=1
timestamp=0.589190,23=1
timestamp=0.593438,B0=1
timestamp=0.593690,224=1
timestamp=0.593898,B2=1
timestamp=0.595210,2C6=1
timestamp=0.599466,20=1
timestamp=0.599734,B4=1
timestamp=0.600108,25=1
timestamp=0.601056,22=1
timestamp=0.601278,23=1
timestamp=0.602386,56F=1
timestamp=0.605548,B0=1
timestamp=0.605775,B2=1
timestamp=0.607489,2C4=1
timestamp=0.609521,340=1
timestamp=0.611509,20=1
timestamp=0.611755,223=1
timestamp=0.612003,B4=1
timestamp=0.612241,25=1
timestamp=0.612479,2D0=1
timestamp=0.613095,22=1
timestamp=0.613320,23=1
timestamp=0.617590,B0=1
timestamp=0.617842,224=1
timestamp=0.618050,B2=1
timestamp=0.619778,2C1=1
timestamp=0.620868,5D5=1
timestamp=0.623552,20=1
timestamp=0.623820,B4=1
timestamp=0.624122,25=1
timestamp=0.625144,22=1
timestamp=0.625363,23=1
timestamp=0.626953,2C6=1
timestamp=0.629623,B0=1
timestamp=0.629775,320=1
timestamp=0.629983,B2=1
timestamp=0.631025,2C4=1
timestamp=0.635577,20=1
timestamp=0.635823,223=1
timestamp=0.636071,B4=1
timestamp=0.636310,25=1
timestamp=0.637174,22=1
timestamp=0.637398,23=1
timestamp=0.641658,B0=1
timestamp=0.641910,224=1
timestamp=0.642118,B2=1
timestamp=0.643316,2D0=1
timestamp=0.647622,20=1
timestamp=0.647890,B4=1
timestamp=0.648135,25=1
timestamp=0.649220,22=1
timestamp=0.649441,23=1
timestamp=0.651412,526=1
timestamp=0.651651,2C1=1
timestamp=0.653685,B0=1
timestamp=0.653911,B2=1
timestamp=0.654583,2C4=1
timestamp=0.657633,340=1
timestamp=0.658687,2C6=1
timestamp=0.659667,20=1
timestamp=0.659914,223=1
timestamp=0.660162,B4=1
timestamp=0.660400,25=1
timestamp=0.661254,22=1
timestamp=0.661476,23=1
timestamp=0.665756,B0=1
timestamp=0.666008,224=1
timestamp=0.666216,B2=1
timestamp=0.671714,20=1
timestamp=0.671983,B4=1
timestamp=0.672221,25=1
timestamp=0.673307,22=1
timestamp=0.673531,23=1
timestamp=0.675067,2D0=1
timestamp=0.677789,B0=1
timestamp=0.677941,320=1
timestamp=0.678149,B2=1
timestamp=0.678385,2C4=1
timestamp=0.683251,2C1=1
timestamp=0.683735,20=1
timestamp=0.683981,223=1
timestamp=0.684220,25=1
timestamp=0.684468,B4=1
timestamp=0.685332,22=1
timestamp=0.685552,23=1
timestamp=0.689818,B0=1
timestamp=0.690070,224=1
timestamp=0.690278,B2=1
timestamp=0.690522,2C6=1
timestamp=0.695784,20=1
timestamp=0.696052,B4=1
timestamp=0.696291,25=1
timestamp=0.697373,22=1
timestamp=0.697595,23=1
timestamp=0.701684,2C4=1
timestamp=0.701895,B0=1
timestamp=0.702127,B2=1
timestamp=0.705766,340=1
timestamp=0.706793,2D0=1
timestamp=0.707833,20=1
timestamp=0.708079,223=1
timestamp=0.708317,25=1
timestamp=0.708565,B4=1
timestamp=0.709427,22=1
timestamp=0.709647,23=1
timestamp=0.713911,B0=1
timestamp=0.714163,224=1
timestamp=0.714372,B2=1
timestamp=0.714986,2C1=1
timestamp=0.719874,20=1
timestamp=0.720142,B4=1
timestamp=0.720380,25=1
timestamp=0.721468,22=1
timestamp=0.721690,23=1
timestamp=0.722170,2C6=1
timestamp=0.725220,2C4=1
timestamp=0.725966,B0=1
timestamp=0.726118,320=1
timestamp=0.726327,B2=1
timestamp=0.732009,20=1
timestamp=0.732255,223=1
timestamp=0.732503,B4=1
timestamp=0.732741,25=1
timestamp=0.733603,22=1
timestamp=0.733825,23=1
timestamp=0.738123,B0=1
timestamp=0.738375,224=1
timestamp=0.738584,B2=1
timestamp=0.738826,2D0=1
timestamp=0.744100,20=1
timestamp=0.744368,B4=1
timestamp=0.744606,25=1
timestamp=0.745698,22=1
timestamp=0.745918,23=1
timestamp=0.746734,2C1=1
timestamp=0.748794,4C1=1
timestamp=0.749030,2C4=1
timestamp=0.750174,B0=1
timestamp=0.750401,B2=1
timestamp=0.753898,2C6=1
timestamp=0.754123,340=1
timestamp=0.756121,20=1
timestamp=0.756367,223=1
timestamp=0.756605,25=1
timestamp=0.756853,B4=1
timestamp=0.757717,22=1
timestamp=0.757939,23=1
timestamp=0.762213,B0=1
timestamp=0.762465,224=1
timestamp=0.762674,B2=1
timestamp=0.768190,20=1
timestamp=0.768458,B4=1
timestamp=0.768696,25=1
timestamp=0.769778,22=1
timestamp=0.769998,23=1
timestamp=0.770284,2D0=1
timestamp=0.772326,2C4=1
timestamp=0.774266,B0=1
timestamp=0.774418,320=1
timestamp=0.774627,B2=1
timestamp=0.778466,2C1=1
timestamp=0.780208,20=1
timestamp=0.780455,223=1
timestamp=0.780693,25=1
timestamp=0.780941,B4=1
timestamp=0.781801,22=1
timestamp=0.782025,23=1
timestamp=0.785659,2C6=1
timestamp=0.786273,B0=1
timestamp=0.786525,224=1
timestamp=0.786733,B2=1
timestamp=0.792247,20=1
timestamp=0.792515,B4=1
timestamp=0.792754,25=1
timestamp=0.793840,22=1
timestamp=0.794062,23=1
timestamp=0.795884,2C4=1
timestamp=0.798314,B0=1
timestamp=0.798540,B2=1
timestamp=0.802026,2D0=1
timestamp=0.802250,340=1
timestamp=0.804260,20=1
timestamp=0.804506,223=1
timestamp=0.804754,B4=1
timestamp=0.805188,25=1
timestamp=0.805858,22=1
timestamp=0.806079,23=1
timestamp=0.810210,2C1=1
timestamp=0.810420,B0=1
timestamp=0.810673,224=1
timestamp=0.810881,B2=1
timestamp=0.811125,4C3=1
timestamp=0.816313,20=1
timestamp=0.816581,B4=1
timestamp=0.817193,25=1
timestamp=0.817438,2C6=1
timestamp=0.817906,22=1
timestamp=0.818130,23=1
timestamp=0.819416,2C4=1
timestamp=0.822390,B0=1
timestamp=0.822542,320=1
timestamp=0.822750,B2=1
timestamp=0.828368,20=1
timestamp=0.828614,223=1
timestamp=0.828863,B4=1
timestamp=0.829185,25=1
timestamp=0.829961,22=1
timestamp=0.830185,23=1
timestamp=0.833755,2D0=1
timestamp=0.834435,B0=1
timestamp=0.834687,224=1
timestamp=0.834895,B2=1
timestamp=0.840409,20=1
timestamp=0.840677,B4=1
timestamp=0.841205,25=1
timestamp=0.841940,2C1=1
timestamp=0.842186,22=1
timestamp=0.842410,23=1
timestamp=0.842978,2C4=1
timestamp=0.846508,B0=1
timestamp=0.846734,B2=1
timestamp=0.849128,2C6=1
timestamp=0.850118,340=1
timestamp=0.852484,20=1
timestamp=0.852731,223=1
timestamp=0.852979,B4=1
timestamp=0.853217,25=1
timestamp=0.854075,22=1
timestamp=0.854299,23=1
timestamp=0.858575,B0=1
timestamp=0.858827,224=1
timestamp=0.859036,B2=1
timestamp=0.859222,591=1
timestamp=0.864560,20=1
timestamp=0.864828,B4=1
timestamp=0.865210,25=1
timestamp=0.865508,2D0=1
timestamp=0.866150,22=1
timestamp=0.866374,23=1
timestamp=0.866610,2C4=1
timestamp=0.870658,B0=1
timestamp=0.870811,320=1
timestamp=0.871019,B2=1
timestamp=0.873693,2C1=1
timestamp=0.876601,20=1
timestamp=0.876847,223=1
timestamp=0.877095,B4=1
timestamp=0.877333,25=1
timestamp=0.878189,22=1
timestamp=0.878414,23=1
timestamp=0.880855,2C6=1
timestamp=0.882662,B0=1
timestamp=0.882914,224=1
timestamp=0.883122,B2=1
timestamp=0.883372,3B2=1
timestamp=0.888644,20=1
timestamp=0.888912,B4=1
timestamp=0.889223,25=1
timestamp=0.890079,2C4=1
timestamp=0.890323,22=1
timestamp=0.890547,23=1
timestamp=0.894735,B0=1
timestamp=0.894961,B2=1
timestamp=0.897233,2D0=1
timestamp=0.898253,340=1
timestamp=0.900685,20=1
timestamp=0.900931,223=1
timestamp=0.901179,B4=1
timestamp=0.901418,25=1
timestamp=0.902280,22=1
timestamp=0.902500,23=1
timestamp=0.905420,2C1=1
timestamp=0.906746,B0=1
timestamp=0.906998,224=1
timestamp=0.907206,B2=1
timestamp=0.912606,2C6=1
timestamp=0.912762,20=1
timestamp=0.913030,B4=1
timestamp=0.913268,25=1
timestamp=0.913610,2C4=1
timestamp=0.914362,22=1
timestamp=0.914586,23=1
timestamp=0.918632,5B8=1
timestamp=0.918842,B0=1
timestamp=0.918994,320=1
timestamp=0.919203,B2=1
timestamp=0.924747,20=1
timestamp=0.924993,223=1
timestamp=0.925241,B4=1
timestamp=0.925479,25=1
timestamp=0.926339,22=1
timestamp=0.926563,23=1
timestamp=0.928983,2D0=1
timestamp=0.930807,B0=1
timestamp=0.931059,224=1
timestamp=0.931268,B2=1
timestamp=0.932084,4C6=1
timestamp=0.936770,20=1
timestamp=0.937038,B4=1
timestamp=0.937276,25=1
timestamp=0.937514,2C1=1
timestamp=0.937754,2C4=1
timestamp=0.938358,22=1
timestamp=0.938579,23=1
timestamp=0.942860,B0=1
timestamp=0.943087,B2=1
timestamp=0.944335,2C6=1
timestamp=0.946363,340=1
timestamp=0.948817,20=1
timestamp=0.949063,223=1
timestamp=0.949311,B4=1
timestamp=0.949549,25=1
timestamp=0.950411,22=1
timestamp=0.950633,23=1
timestamp=0.954893,B0=1
timestamp=0.955145,224=1
timestamp=0.955354,B2=1
timestamp=0.960715,2D0=1
timestamp=0.960953,2C4=1
timestamp=0.961110,20=1
timestamp=0.961378,B4=1
timestamp=0.961616,25=1
timestamp=0.962710,22=1
timestamp=0.962934,23=1
timestamp=0.965728,52C=1
timestamp=0.966934,B0=1
timestamp=0.967086,320=1
timestamp=0.967295,B2=1
timestamp=0.968911,2C1=1
timestamp=0.969851,540=1
timestamp=0.972909,20=1
timestamp=0.973155,223=1
timestamp=0.973393,25=1
timestamp=0.973641,B4=1
timestamp=0.973960,423=1
timestamp=0.974500,22=1
timestamp=0.974718,23=1
timestamp=0.976088,2C6=1
timestamp=0.979102,B0=1
timestamp=0.979354,224=1
timestamp=0.979562,B2=1
timestamp=0.982150,5C8=1
timestamp=0.984274,2C4=1
timestamp=0.985054,20=1
timestamp=0.985322,B4=1
timestamp=0.985561,25=1
timestamp=0.986249,5D2=1
timestamp=0.986649,22=1
timestamp=0.986871,23=1
timestamp=0.989271,5F8=1
timestamp=0.991153,B0=1
timestamp=0.991379,B2=1
timestamp=0.992465,2D0=1
timestamp=0.994493,340=1
timestamp=0.997111,20=1
timestamp=0.997357,223=1
timestamp=0.997596,25=1
timestamp=0.997844,B4=1
timestamp=0.998706,22=1
timestamp=0.998926,23=1
timestamp=0.999060,56F=1
timestamp=1.000656,2C1=1
timestamp=1.003176,B0=1
timestamp=1.003428,224=1
timestamp=1.003637,B2=1
timestamp=1.007808,2C4=1
timestamp=1.008053,2C6=1
timestamp=1.009151,20=1
timestamp=1.009419,B4=1
timestamp=1.009657,25=1
timestamp=1.010745,22=1
timestamp=1.010971,23=1
timestamp=1.015231,B0=1
timestamp=1.015383,320=1
timestamp=1.015591,B2=1
timestamp=1.021175,20=1
timestamp=1.021422,223=1
timestamp=1.021660,25=1
timestamp=1.021908,B4=1
timestamp=1.022770,22=1
timestamp=1.022994,23=1
timestamp=1.024200,2D0=1
timestamp=1.027278,B0=1
timestamp=1.027530,224=1
timestamp=1.027739,B2=1
timestamp=1.031366,2C4=1
timestamp=1.032382,2C1=1
timestamp=1.033291,20=1
timestamp=1.033559,B4=1
timestamp=1.033797,25=1
timestamp=1.034883,22=1
timestamp=1.035103,23=1
timestamp=1.037423,5D4=1
timestamp=1.039393,B0=1
timestamp=1.039637,2C6=1
timestamp=1.039845,B2=1
timestamp=1.042605,340=1
timestamp=1.045405,20=1
timestamp=1.045651,223=1
timestamp=1.045900,B4=1
timestamp=1.046272,25=1
timestamp=1.046996,22=1
timestamp=1.047218,23=1
timestamp=1.048128,5D5=1
timestamp=1.051486,B0=1
timestamp=1.051738,224=1
timestamp=1.051946,B2=1
timestamp=1.054906,2C4=1
timestamp=1.055942,2D0=1
timestamp=1.057502,20=1
timestamp=1.057771,B4=1
timestamp=1.058281,25=1
timestamp=1.059093,22=1
timestamp=1.059313,23=1
timestamp=1.063607,B0=1
timestamp=1.063759,320=1
timestamp=1.063967,B2=1
timestamp=1.064209,2C1=1
timestamp=1.069577,20=1
timestamp=1.069823,223=1
timestamp=1.070072,B4=1
timestamp=1.070310,25=1
timestamp=1.071172,22=1
timestamp=1.071394,23=1
timestamp=1.071638,2C6=1
timestamp=1.075666,B0=1
timestamp=1.075918,224=1
timestamp=1.076127,B2=1
timestamp=1.078471,2C4=1
timestamp=1.081005,583=1
timestamp=1.081647,20=1
timestamp=1.081916,B4=1
timestamp=1.082280,25=1
timestamp=1.083244,22=1
timestamp=1.083468,23=1
timestamp=1.087670,2D0=1
timestamp=1.087880,B0=1
timestamp=1.088106,B2=1
timestamp=1.090740,340=1
timestamp=1.093736,20=1
timestamp=1.093982,223=1
timestamp=1.094230,B4=1
timestamp=1.094468,25=1
timestamp=1.095328,22=1
timestamp=1.095549,23=1
timestamp=1.095871,2C1=1
timestamp=1.099821,B0=1
timestamp=1.100073,224=1
timestamp=1.100281,B2=1
timestamp=1.102003,2C4=1
timestamp=1.103047,2C6=1
timestamp=1.105777,20=1
timestamp=1.106045,B4=1
timestamp=1.106286,25=1
timestamp=1.107369,22=1
timestamp=1.107594,23=1
timestamp=1.111873,B0=1
timestamp=1.112026,320=1
timestamp=1.112234,B2=1
timestamp=1.117836,20=1
timestamp=1.118082,223=1
timestamp=1.118320,25=1
timestamp=1.118568,B4=1
timestamp=1.119424,2D0=1
timestamp=1.119671,22=1
timestamp=1.119895,23=1
timestamp=1.123913,B0=1
timestamp=1.124165,224=1
timestamp=1.124373,B2=1
timestamp=1.125563,2C4=1
timestamp=1.127617,2C1=1
timestamp=1.129855,20=1
timestamp=1.130123,B4=1
timestamp=1.130362,25=1
timestamp=1.131451,22=1
timestamp=1.131674,23=1
timestamp=1.134773,2C6=1
timestamp=1.135921,B0=1
timestamp=1.136158,B2=1
timestamp=1.138849,340=1
timestamp=1.141875,20=1
timestamp=1.142122,223=1
timestamp=1.142360,25=1
timestamp=1.142608,B4=1
timestamp=1.143468,22=1
timestamp=1.143690,23=1
timestamp=1.147938,B0=1
timestamp=1.148190,224=1
timestamp=1.148399,B2=1
timestamp=1.149107,2C4=1
timestamp=1.151157,2D0=1
timestamp=1.151305,526=1
timestamp=1.153887,20=1
timestamp=1.154155,B4=1
timestamp=1.154393,25=1
timestamp=1.155487,22=1
timestamp=1.155708,23=1
timestamp=1.155866,5D7=1
timestamp=1.159338,2C1=1
timestamp=1.159960,B0=1
timestamp=1.160112,320=1
timestamp=1.160320,B2=1
timestamp=1.160507,591=1
timestamp=1.165902,20=1
timestamp=1.166149,223=1
timestamp=1.166387,25=1
timestamp=1.166635,B4=1
timestamp=1.166879,2C6=1
timestamp=1.167499,22=1
timestamp=1.167721,23=1
timestamp=1.172101,B0=1
timestamp=1.172353,224=1
timestamp=1.172562,B2=1
timestamp=1.172800,2C4=1
timestamp=1.178078,20=1
timestamp=1.178346,B4=1
timestamp=1.178584,25=1
timestamp=1.179668,22=1
timestamp=1.179888,23=1
timestamp=1.182906,2D0=1
timestamp=1.184146,B0=1
timestamp=1.184396,3B2=1
timestamp=1.184605,B2=1
timestamp=1.186981,340=1
timestamp=1.187133,520=1
timestamp=1.190123,20=1
timestamp=1.190369,223=1
timestamp=1.190607,25=1
timestamp=1.190855,B4=1
timestamp=1.191092,2C1=1
timestamp=1.191710,22=1
timestamp=1.191928,23=1
timestamp=1.196197,2C4=1
timestamp=1.196408,B0=1
timestamp=1.196660,224=1
timestamp=1.196868,B2=1
timestamp=1.198254,2C6=1
timestamp=1.202176,20=1
timestamp=1.202444,B4=1
timestamp=1.202682,25=1
timestamp=1.203768,22=1
timestamp=1.203992,23=1
timestamp=1.208260,B0=1
timestamp=1.208413,320=1
timestamp=1.208621,B2=1
timestamp=1.214209,20=1
timestamp=1.214455,223=1
timestamp=1.214703,B4=1
timestamp=1.214941,25=1
timestamp=1.215181,2D0=1
timestamp=1.215807,22=1
timestamp=1.216028,23=1
timestamp=1.219759,2C4=1
timestamp=1.220307,B0=1
timestamp=1.220560,224=1
timestamp=1.220768,B2=1
timestamp=1.222820,2C1=1
timestamp=1.226276,20=1
timestamp=1.226544,B4=1
timestamp=1.226782,25=1
timestamp=1.227868,22=1
timestamp=1.228092,23=1
timestamp=1.230006,2C6=1
timestamp=1.232350,B0=1
timestamp=1.232576,B2=1
timestamp=1.235092,340=1
timestamp=1.238304,20=1
timestamp=1.238550,223=1
timestamp=1.238799,B4=1
timestamp=1.239037,25=1
timestamp=1.239895,22=1
timestamp=1.240113,23=1
timestamp=1.243297,2C4=1
timestamp=1.244407,B0=1
timestamp=1.244659,224=1
timestamp=1.244867,B2=1
timestamp=1.246383,2D0=1
timestamp=1.250373,20=1
timestamp=1.250642,B4=1
timestamp=1.250880,25=1
timestamp=1.251960,22=1
timestamp=1.252178,23=1
timestamp=1.254570,2C1=1
timestamp=1.256440,B0=1
timestamp=1.256592,320=1
timestamp=1.256800,B2=1
timestamp=1.261734,2C6=1
timestamp=1.262382,20=1
timestamp=1.262628,223=1
timestamp=1.262866,25=1
timestamp=1.263114,B4=1
timestamp=1.263970,22=1
timestamp=1.264195,23=1
timestamp=1.266856,2C4=1
timestamp=1.268440,B0=1
timestamp=1.268693,224=1
timestamp=1.268901,B2=1
timestamp=1.274409,20=1
timestamp=1.274649,420=1
timestamp=1.274897,B4=1
timestamp=1.275135,25=1
timestamp=1.275999,22=1
timestamp=1.276218,23=1
timestamp=1.278113,2D0=1
timestamp=1.280493,B0=1
timestamp=1.280720,B2=1
timestamp=1.283228,340=1
timestamp=1.286297,2C1=1
timestamp=1.286458,20=1
timestamp=1.286704,223=1
timestamp=1.286952,B4=1
timestamp=1.287362,25=1
timestamp=1.288046,22=1
timestamp=1.288264,23=1
timestamp=1.290396,2C4=1
timestamp=1.292522,B0=1
timestamp=1.292775,224=1
timestamp=1.292983,B2=1
timestamp=1.293495,2C6=1
timestamp=1.298489,20=1
timestamp=1.298757,B4=1
timestamp=1.299351,25=1
timestamp=1.300085,22=1
timestamp=1.300307,23=1
timestamp=1.304585,B0=1
timestamp=1.304737,320=1
timestamp=1.304946,B2=1
timestamp=1.309861,2D0=1
timestamp=1.310527,20=1
timestamp=1.310774,223=1
timestamp=1.311022,B4=1
timestamp=1.311356,25=1
timestamp=1.312124,22=1
timestamp=1.312348,23=1
timestamp=1.313954,2C4=1
timestamp=1.316586,B0=1
timestamp=1.316838,224=1
timestamp=1.317047,B2=1
timestamp=1.318047,2C1=1
timestamp=1.322553,20=1
timestamp=1.322821,B4=1
timestamp=1.323363,25=1
timestamp=1.324149,22=1
timestamp=1.324373,23=1
timestamp=1.325213,2C6=1
timestamp=1.328643,B0=1
timestamp=1.328869,B2=1
timestamp=1.331335,340=1
timestamp=1.334593,20=1
timestamp=1.334839,223=1
timestamp=1.335088,B4=1
timestamp=1.335360,25=1
timestamp=1.336188,22=1
timestamp=1.336410,23=1
timestamp=1.336656,4C7=1
timestamp=1.337494,2C4=1
timestamp=1.340694,B0=1
timestamp=1.340946,224=1
timestamp=1.341154,B2=1
timestamp=1.341593,2D0=1
timestamp=1.346653,20=1
timestamp=1.346921,B4=1
timestamp=1.347375,25=1
timestamp=1.348245,22=1
timestamp=1.348469,23=1
timestamp=1.349787,2C1=1
timestamp=1.352719,B0=1
timestamp=1.352871,320=1
timestamp=1.353080,B2=1
timestamp=1.356965,2C6=1
timestamp=1.358663,20=1
timestamp=1.358910,223=1
timestamp=1.359158,B4=1
timestamp=1.359396,25=1
timestamp=1.360258,22=1
timestamp=1.360480,23=1
timestamp=1.361054,2C4=1
timestamp=1.364752,B0=1
timestamp=1.365005,224=1
timestamp=1.365213,B2=1
timestamp=1.370719,20=1
timestamp=1.370987,B4=1
timestamp=1.371379,25=1
timestamp=1.372319,22=1
timestamp=1.372543,23=1
timestamp=1.373341,2D0=1
timestamp=1.376811,B0=1
timestamp=1.377037,B2=1
timestamp=1.379467,340=1
timestamp=1.381529,2C1=1
timestamp=1.382791,20=1
timestamp=1.383038,223=1
timestamp=1.383286,B4=1
timestamp=1.383524,25=1
timestamp=1.383776,5CD=1
timestamp=1.384386,22=1
timestamp=1.384611,23=1
timestamp=1.384847,2C4=1
timestamp=1.388692,2C6=1
timestamp=1.388903,B0=1
timestamp=1.389155,224=1
timestamp=1.389363,B2=1
timestamp=1.394829,20=1
timestamp=1.395097,B4=1
timestamp=1.395415,25=1
timestamp=1.396417,22=1
timestamp=1.396639,23=1
timestamp=1.400915,B0=1
timestamp=1.401067,320=1
timestamp=1.401276,B2=1
timestamp=1.405069,2D0=1
timestamp=1.406871,20=1
timestamp=1.407118,223=1
timestamp=1.407366,B4=1
timestamp=1.407604,25=1
timestamp=1.408150,2C4=1
timestamp=1.408466,22=1
timestamp=1.408685,23=1
timestamp=1.412946,B0=1
timestamp=1.413199,224=1
timestamp=1.413407,B2=1
timestamp=1.413643,2C1=1
timestamp=1.418991,20=1
timestamp=1.419259,B4=1
timestamp=1.419497,25=1
timestamp=1.420441,2C6=1
timestamp=1.420685,22=1
timestamp=1.420908,23=1
timestamp=1.421200,56F=1
timestamp=1.425100,B0=1
timestamp=1.425326,B2=1
timestamp=1.427318,57A=1
timestamp=1.427586,340=1
timestamp=1.431056,20=1
timestamp=1.431302,223=1
timestamp=1.431540,25=1
timestamp=1.431788,B4=1
timestamp=1.432027,2C4=1
timestamp=1.432654,22=1
timestamp=1.432879,23=1
timestamp=1.436822,2D0=1
timestamp=1.437162,B0=1
timestamp=1.437415,224=1
timestamp=1.437623,B2=1
timestamp=1.443131,20=1
timestamp=1.443399,B4=1
timestamp=1.443637,25=1
timestamp=1.444733,22=1
timestamp=1.444951,23=1
timestamp=1.445187,2C1=1
timestamp=1.449223,B0=1
timestamp=1.449375,320=1
timestamp=1.449584,B2=1
timestamp=1.452172,2C6=1
timestamp=1.455247,2C4=1
timestamp=1.455404,20=1
timestamp=1.455650,223=1
timestamp=1.455888,25=1
timestamp=1.456136,B4=1
timestamp=1.456992,22=1
timestamp=1.457216,23=1
timestamp=1.461264,B0=1
timestamp=1.461517,224=1
timestamp=1.461725,B2=1
timestamp=1.461911,591=1
timestamp=1.462533,5D5=1
timestamp=1.467251,20=1
timestamp=1.467519,B4=1
timestamp=1.467757,25=1
timestamp=1.468548,2D0=1
timestamp=1.468842,22=1
timestamp=1.469060,23=1
timestamp=1.470590,4CE=1
timestamp=1.473338,B0=1
timestamp=1.473564,B2=1
timestamp=1.475714,340=1
timestamp=1.476736,2C1=1
timestamp=1.478784,2C4=1
timestamp=1.479296,20=1
timestamp=1.479542,223=1
timestamp=1.479781,25=1
timestamp=1.480029,B4=1
timestamp=1.480901,22=1
timestamp=1.481123,23=1
timestamp=1.483925,2C6=1
timestamp=1.485383,B0=1
timestamp=1.485635,224=1
timestamp=1.485843,B2=1
timestamp=1.486093,3B2=1
timestamp=1.491079,56A=1
timestamp=1.491372,20=1
timestamp=1.491640,B4=1
timestamp=1.491878,25=1
timestamp=1.492962,22=1
timestamp=1.493186,23=1
timestamp=1.497450,B0=1
timestamp=1.497602,320=1
timestamp=1.497811,B2=1
timestamp=1.500300,2D0=1
timestamp=1.502344,2C4=1
timestamp=1.503460,20=1
timestamp=1.503707,223=1
timestamp=1.503955,B4=1
timestamp=1.504193,25=1
timestamp=1.505053,22=1
timestamp=1.505273,23=1
timestamp=1.508489,2C1=1
timestamp=1.509559,B0=1
timestamp=1.509811,224=1
timestamp=1.510020,B2=1
timestamp=1.515505,20=1
timestamp=1.515750,2C6=1
timestamp=1.515998,B4=1
timestamp=1.516438,25=1
timestamp=1.517106,22=1
timestamp=1.517328,23=1
timestamp=1.521594,B0=1
timestamp=1.521820,B2=1
timestamp=1.523822,340=1
timestamp=1.525882,2C4=1
timestamp=1.527614,20=1
timestamp=1.527860,223=1
timestamp=1.528109,B4=1
timestamp=1.528427,25=1
timestamp=1.529213,22=1
timestamp=1.529433,23=1
timestamp=1.532041,2D0=1
timestamp=1.533715,B0=1
timestamp=1.533967,224=1
timestamp=1.534175,B2=1
timestamp=1.539663,20=1
timestamp=1.539931,B4=1
timestamp=1.540220,2C1=1
timestamp=1.540458,25=1
timestamp=1.541260,22=1
timestamp=1.541482,23=1
timestamp=1.545754,B0=1
timestamp=1.545906,320=1
timestamp=1.546114,B2=1
timestamp=1.547400,2C6=1
timestamp=1.549444,2C4=1
timestamp=1.551706,20=1
timestamp=1.551953,223=1
timestamp=1.552201,B4=1
timestamp=1.552449,25=1
timestamp=1.553301,22=1
timestamp=1.553525,23=1
timestamp=1.557781,B0=1
timestamp=1.558033,224=1
timestamp=1.558242,B2=1
timestamp=1.563631,57F=1
timestamp=1.563787,20=1
timestamp=1.564029,2D0=1
timestamp=1.564277,B4=1
timestamp=1.564516,25=1
timestamp=1.565378,22=1
timestamp=1.565598,23=1
timestamp=1.569858,B0=1
timestamp=1.570084,B2=1
timestamp=1.571970,2C1=1
timestamp=1.572194,340=1
timestamp=1.572980,2C4=1
timestamp=1.575822,20=1
timestamp=1.576068,223=1
timestamp=1.576317,B4=1
timestamp=1.576555,25=1
timestamp=1.577421,22=1
timestamp=1.577645,23=1
timestamp=1.579131,2C6=1
timestamp=1.581885,B0=1
timestamp=1.582137,224=1
timestamp=1.582345,B2=1
timestamp=1.587853,20=1
timestamp=1.588121,B4=1
timestamp=1.588470,25=1
timestamp=1.589448,22=1
timestamp=1.589668,23=1
timestamp=1.594012,B0=1
timestamp=1.594164,320=1
timestamp=1.594372,B2=1
timestamp=1.595512,2D0=1
timestamp=1.596538,2C4=1
timestamp=1.600006,20=1
timestamp=1.600252,223=1
timestamp=1.600491,25=1
timestamp=1.600739,B4=1
timestamp=1.601601,22=1
timestamp=1.601825,23=1
timestamp=1.603697,2C1=1
timestamp=1.606069,B0=1
timestamp=1.606321,224=1
timestamp=1.606529,B2=1
timestamp=1.610885,2C6=1
timestamp=1.612037,20=1
timestamp=1.612305,B4=1
timestamp=1.612543,25=1
timestamp=1.613631,22=1
timestamp=1.613855,23=1
timestamp=1.618127,B0=1
timestamp=1.618356,B2=1
timestamp=1.620081,2C4=1
timestamp=1.620306,340=1
timestamp=1.624090,20=1
timestamp=1.624336,223=1
timestamp=1.624584,B4=1
timestamp=1.624822,25=1
timestamp=1.625690,22=1
timestamp=1.625910,23=1
timestamp=1.627262,2D0=1
timestamp=1.630152,B0=1
timestamp=1.630405,224=1
timestamp=1.630613,B2=1
timestamp=1.635454,2C1=1
timestamp=1.636097,20=1
timestamp=1.636365,B4=1
timestamp=1.636603,25=1
timestamp=1.637689,22=1
timestamp=1.637913,23=1
timestamp=1.642189,B0=1
timestamp=1.642341,320=1
timestamp=1.642549,B2=1
timestamp=1.642794,2C6=1
timestamp=1.643640,2C4=1
timestamp=1.648148,20=1
timestamp=1.648394,223=1
timestamp=1.648632,25=1
timestamp=1.648880,B4=1
timestamp=1.649744,22=1
timestamp=1.649964,23=1
timestamp=1.650702,526=1
timestamp=1.654226,B0=1
timestamp=1.654479,224=1
timestamp=1.654687,B2=1
timestamp=1.658989,2D0=1
timestamp=1.659239,4C1=1
timestamp=1.660175,20=1
timestamp=1.660443,B4=1
timestamp=1.660681,25=1
timestamp=1.661773,22=1
timestamp=1.661997,23=1
timestamp=1.666261,B0=1
timestamp=1.666488,B2=1
timestamp=1.667182,2C1=1
timestamp=1.667418,2C4=1
timestamp=1.668200,340=1
timestamp=1.672226,20=1
timestamp=1.672472,223=1
timestamp=1.672720,B4=1
timestamp=1.672959,25=1
timestamp=1.673827,22=1
timestamp=1.674051,23=1
timestamp=1.674361,2C6=1
timestamp=1.678319,B0=1
timestamp=1.678571,224=1
timestamp=1.678779,B2=1
timestamp=1.684287,20=1
timestamp=1.684555,B4=1
timestamp=1.684794,25=1
timestamp=1.685877,22=1
timestamp=1.686098,23=1
timestamp=1.690386,B0=1
timestamp=1.690538,320=1
timestamp=1.690746,B2=1
timestamp=1.690982,2C4=1
timestamp=1.691220,2D0=1
timestamp=1.696358,20=1
timestamp=1.696604,223=1
timestamp=1.696853,B4=1
timestamp=1.697091,25=1
timestamp=1.697955,22=1
timestamp=1.698177,23=1
timestamp=1.698927,2C1=1
timestamp=1.702445,B0=1
timestamp=1.702697,224=1
timestamp=1.702905,B2=1
timestamp=1.706091,2C6=1
timestamp=1.708389,20=1
timestamp=1.708658,B4=1
timestamp=1.708896,25=1
timestamp=1.709982,22=1
timestamp=1.710202,23=1
timestamp=1.714273,2C4=1
timestamp=1.714488,B0=1
timestamp=1.714714,B2=1
timestamp=1.716310,340=1
timestamp=1.720464,20=1
timestamp=1.720710,223=1
timestamp=1.720948,25=1
timestamp=1.721196,B4=1
timestamp=1.722056,22=1
timestamp=1.722274,23=1
timestamp=1.722517,2D0=1
timestamp=1.726543,B0=1
timestamp=1.726795,224=1
timestamp=1.727003,B2=1
timestamp=1.730657,2C1=1
timestamp=1.732527,20=1
timestamp=1.732795,B4=1
timestamp=1.733033,25=1
timestamp=1.734117,22=1
timestamp=1.734339,23=1
timestamp=1.737837,2C4=1
timestamp=1.738081,2C6=1
timestamp=1.738629,B0=1
timestamp=1.738782,320=1
timestamp=1.738990,B2=1
timestamp=1.744602,20=1
timestamp=1.744848,223=1
timestamp=1.745096,B4=1
timestamp=1.745340,4C3=1
timestamp=1.745581,25=1
timestamp=1.746199,22=1
timestamp=1.746419,23=1
timestamp=1.750697,B0=1
timestamp=1.750949,224=1
timestamp=1.751157,B2=1
timestamp=1.754221,2D0=1
timestamp=1.756685,20=1
timestamp=1.756953,B4=1
timestamp=1.757519,25=1
timestamp=1.758275,22=1
timestamp=1.758499,23=1
timestamp=1.761373,2C4=1
timestamp=1.762409,2C1=1
timestamp=1.762774,B0=1
timestamp=1.762960,591=1
timestamp=1.763168,B2=1
timestamp=1.764440,340=1
timestamp=1.768748,20=1
timestamp=1.768994,223=1
timestamp=1.769243,B4=1
timestamp=1.769509,25=1
timestamp=1.769753,2C6=1
timestamp=1.770347,22=1
timestamp=1.770571,23=1
timestamp=1.774823,B0=1
timestamp=1.775075,224=1
timestamp=1.775283,B2=1
timestamp=1.780773,20=1
timestamp=1.781042,B4=1
timestamp=1.781524,25=1
timestamp=1.782364,22=1
timestamp=1.782588,23=1
timestamp=1.784932,2C4=1
timestamp=1.785946,2D0=1
timestamp=1.786866,B0=1
timestamp=1.787018,320=1
timestamp=1.787226,B2=1
timestamp=1.787477,3B2=1
timestamp=1.792838,20=1
timestamp=1.793085,223=1
timestamp=1.793333,B4=1
timestamp=1.793571,25=1
timestamp=1.794137,2C1=1
timestamp=1.794439,22=1
timestamp=1.794664,23=1
timestamp=1.799023,B0=1
timestamp=1.799276,224=1
timestamp=1.799484,B2=1
timestamp=1.801320,2C6=1
timestamp=1.805002,20=1
timestamp=1.805270,B4=1
timestamp=1.805554,25=1
timestamp=1.806592,22=1
timestamp=1.806816,23=1
timestamp=1.808468,2C4=1
timestamp=1.811070,B0=1
timestamp=1.811297,B2=1
timestamp=1.812553,340=1
timestamp=1.817027,20=1
timestamp=1.817273,223=1
timestamp=1.817521,B4=1
timestamp=1.817759,25=1
timestamp=1.818001,2D0=1
timestamp=1.818623,22=1
timestamp=1.818848,23=1
timestamp=1.823107,B0=1
timestamp=1.823360,224=1
timestamp=1.823568,B2=1
timestamp=1.825886,2C1=1
timestamp=1.829070,20=1
timestamp=1.829338,B4=1
timestamp=1.829576,25=1
timestamp=1.830664,22=1
timestamp=1.830890,23=1
timestamp=1.832032,2C4=1
timestamp=1.833050,2C6=1
timestamp=1.835160,B0=1
timestamp=1.835312,320=1
timestamp=1.835521,B2=1
timestamp=1.841139,20=1
timestamp=1.841385,223=1
timestamp=1.841623,25=1
timestamp=1.841871,B4=1
timestamp=1.842729,22=1
timestamp=1.842953,23=1
timestamp=1.843766,56F=1
timestamp=1.847217,B0=1
timestamp=1.847470,224=1
timestamp=1.847678,B2=1
timestamp=1.849430,2D0=1
timestamp=1.853190,20=1
timestamp=1.853458,B4=1
timestamp=1.853696,25=1
timestamp=1.854780,22=1
timestamp=1.855002,23=1
timestamp=1.855578,2C4=1
timestamp=1.857622,2C1=1
timestamp=1.859254,B0=1
timestamp=1.859481,B2=1
timestamp=1.860687,340=1
timestamp=1.864806,2C6=1
timestamp=1.865200,20=1
timestamp=1.865447,223=1
timestamp=1.865685,25=1
timestamp=1.865933,B4=1
timestamp=1.866787,22=1
timestamp=1.867009,23=1
timestamp=1.871283,B0=1
timestamp=1.871535,224=1
timestamp=1.871744,B2=1
timestamp=1.877250,20=1
timestamp=1.877518,B4=1
timestamp=1.877756,25=1
timestamp=1.878848,22=1
timestamp=1.879072,23=1
timestamp=1.879308,2C4=1
timestamp=1.881178,2D0=1
timestamp=1.883326,B0=1
timestamp=1.883478,320=1
timestamp=1.883687,B2=1
timestamp=1.886818,5D5=1
timestamp=1.889368,2C1=1
timestamp=1.889524,20=1
timestamp=1.889770,223=1
timestamp=1.890008,25=1
timestamp=1.890257,B4=1
timestamp=1.891123,22=1
timestamp=1.891345,23=1
timestamp=1.892419,4C6=1
timestamp=1.895389,B0=1
timestamp=1.895641,224=1
timestamp=1.895849,B2=1
timestamp=1.896529,2C6=1
timestamp=1.901359,20=1
timestamp=1.901627,B4=1
timestamp=1.901865,25=1
timestamp=1.902666,2C4=1
timestamp=1.902954,22=1
timestamp=1.903178,23=1
timestamp=1.907460,B0=1
timestamp=1.907686,B2=1
timestamp=1.908796,340=1
timestamp=1.912908,2D0=1
timestamp=1.913444,20=1
timestamp=1.913690,223=1
timestamp=1.913928,25=1
timestamp=1.914176,B4=1
timestamp=1.915036,22=1
timestamp=1.915260,23=1
timestamp=1.918934,5B8=1
timestamp=1.919536,B0=1
timestamp=1.919788,224=1
timestamp=1.919997,B2=1
timestamp=1.921099,2C1=1
timestamp=1.925499,20=1
timestamp=1.925767,B4=1
timestamp=1.926005,25=1
timestamp=1.926251,2C4=1
timestamp=1.927093,22=1
timestamp=1.927315,23=1
timestamp=1.928279,2C6=1
timestamp=1.931603,B0=1
timestamp=1.931756,320=1
timestamp=1.931964,B2=1
timestamp=1.937556,20=1
timestamp=1.937802,223=1
timestamp=1.938040,25=1
timestamp=1.938288,B4=1
timestamp=1.939146,22=1
timestamp=1.939370,23=1
timestamp=1.943636,B0=1
timestamp=1.943889,224=1
timestamp=1.944097,B2=1
timestamp=1.944659,2D0=1
timestamp=1.949603,20=1
timestamp=1.949839,2C4=1
timestamp=1.950087,B4=1
timestamp=1.950325,25=1
timestamp=1.951197,22=1
timestamp=1.951419,23=1
timestamp=1.952843,2C1=1
timestamp=1.955675,B0=1
timestamp=1.955902,B2=1
timestamp=1.956928,340=1
timestamp=1.960010,2C6=1
timestamp=1.961656,20=1
timestamp=1.961902,223=1
timestamp=1.962140,25=1
timestamp=1.962388,B4=1
timestamp=1.963250,22=1
timestamp=1.963474,23=1
timestamp=1.966034,52C=1
timestamp=1.967746,B0=1
timestamp=1.967998,224=1
timestamp=1.968207,B2=1
timestamp=1.970157,540=1
timestamp=1.973320,2C4=1
timestamp=1.973689,20=1
timestamp=1.973957,B4=1
timestamp=1.974625,25=1
timestamp=1.975285,22=1
timestamp=1.975505,23=1
timestamp=1.976397,2D0=1
timestamp=1.979811,B0=1
timestamp=1.979963,320=1
timestamp=1.980172,B2=1
timestamp=1.982304,423=1
timestamp=1.982474,5C8=1
timestamp=1.984572,2C1=1
timestamp=1.985764,20=1
timestamp=1.986010,223=1
timestamp=1.986258,B4=1
timestamp=1.986631,25=1
timestamp=1.986801,5D2=1
timestamp=1.987361,22=1
timestamp=1.987585,23=1
timestamp=1.989597,5F8=1
timestamp=1.991761,2C6=1
timestamp=1.991971,B0=1
timestamp=1.992223,224=1
timestamp=1.992431,B2=1
timestamp=1.996863,2C4=1
timestamp=1.997929,20=1
timestamp=1.998197,B4=1
timestamp=1.998590,25=1
timestamp=1.999520,22=1
timestamp=1.999740,23=1
timestamp=2.004060,B0=1
timestamp=2.004286,B2=1
timestamp=2.005038,340=1
timestamp=2.008142,2D0=1
timestamp=2.010014,20=1
timestamp=2.010260,223=1
timestamp=2.010508,B4=1
timestamp=2.010747,25=1
timestamp=2.011606,22=1
timestamp=2.011831,23=1
timestamp=2.016098,B0=1
timestamp=2.016351,224=1
timestamp=2.016559,B2=1
timestamp=2.016793,2C1=1
timestamp=2.020423,2C4=1
timestamp=2.022089,20=1
timestamp=2.022357,B4=1
timestamp=2.022629,25=1
timestamp=2.023489,2C6=1
timestamp=2.023735,22=1
timestamp=2.023956,23=1
timestamp=2.028196,B0=1
timestamp=2.028348,320=1
timestamp=2.028556,B2=1
timestamp=2.034138,20=1
timestamp=2.034384,223=1
timestamp=2.034632,B4=1
timestamp=2.034871,25=1
timestamp=2.035739,22=1
timestamp=2.035959,23=1
timestamp=2.037729,5D4=1
timestamp=2.039867,2D0=1
timestamp=2.040247,B0=1
timestamp=2.040499,224=1
timestamp=2.040707,B2=1
timestamp=2.043963,2C4=1
timestamp=2.046249,20=1
timestamp=2.046517,B4=1
timestamp=2.046755,25=1
timestamp=2.047847,22=1
timestamp=2.048070,23=1
timestamp=2.048304,2C1=1
timestamp=2.052394,B0=1
timestamp=2.052622,B2=1
timestamp=2.053172,340=1
timestamp=2.055238,2C6=1
timestamp=2.058380,20=1
timestamp=2.058626,223=1
timestamp=2.058864,25=1
timestamp=2.059113,B4=1
timestamp=2.059969,22=1
timestamp=2.060189,23=1
timestamp=2.064465,B0=1
timestamp=2.064717,224=1
timestamp=2.064925,B2=1
timestamp=2.065111,591=1
timestamp=2.067521,2C4=1
timestamp=2.070429,20=1
timestamp=2.070697,B4=1
timestamp=2.070936,25=1
timestamp=2.071630,2D0=1
timestamp=2.072022,22=1
timestamp=2.072240,23=1
timestamp=2.076518,B0=1
timestamp=2.076670,320=1
timestamp=2.076878,B2=1
timestamp=2.079804,2C1=1
timestamp=2.082492,20=1
timestamp=2.082738,223=1
timestamp=2.082977,25=1
timestamp=2.083225,B4=1
timestamp=2.084091,22=1
timestamp=2.084311,23=1
timestamp=2.086973,2C6=1
timestamp=2.087533,583=1
timestamp=2.088597,B0=1
timestamp=2.088849,224=1
timestamp=2.089057,B2=1
timestamp=2.089308,3B2=1
timestamp=2.091056,2C4=1
timestamp=2.094542,20=1
timestamp=2.094810,B4=1
timestamp=2.095048,25=1
timestamp=2.096132,22=1
timestamp=2.096352,23=1
timestamp=2.100624,B0=1
timestamp=2.100850,B2=1
timestamp=2.101282,340=1
timestamp=2.103344,2D0=1
timestamp=2.106578,20=1
timestamp=2.106825,223=1
timestamp=2.107073,B4=1
timestamp=2.107311,25=1
timestamp=2.108175,22=1
timestamp=2.108397,23=1
timestamp=2.111533,2C1=1
timestamp=2.112679,B0=1
timestamp=2.112931,224=1
timestamp=2.113140,B2=1
timestamp=2.114622,2C4=1
timestamp=2.118721,2C6=1
timestamp=2.118877,20=1
timestamp=2.119146,B4=1
timestamp=2.119650,25=1
timestamp=2.120478,22=1
timestamp=2.120698,23=1
timestamp=2.124758,B0=1
timestamp=2.124910,320=1
timestamp=2.125118,B2=1
timestamp=2.130724,20=1
timestamp=2.130970,223=1
timestamp=2.131219,B4=1
timestamp=2.131647,25=1
timestamp=2.132315,22=1
timestamp=2.132537,23=1
timestamp=2.135101,2D0=1
timestamp=2.136823,B0=1
timestamp=2.137075,224=1
timestamp=2.137283,B2=1
timestamp=2.138155,2C4=1
timestamp=2.142791,20=1
timestamp=2.143060,B4=1
timestamp=2.143296,2C1=1
timestamp=2.143644,25=1
timestamp=2.144390,22=1
timestamp=2.144614,23=1
timestamp=2.148876,B0=1
timestamp=2.149102,B2=1
timestamp=2.149412,340=1
timestamp=2.150350,526=1
timestamp=2.150595,2C6=1
timestamp=2.152075,5D7=1
timestamp=2.154835,20=1
timestamp=2.155081,223=1
timestamp=2.155330,B4=1
timestamp=2.155650,25=1
timestamp=2.156436,22=1
timestamp=2.156656,23=1
timestamp=2.161038,B0=1
timestamp=2.161290,224=1
timestamp=2.161498,B2=1
timestamp=2.161736,2C4=1
timestamp=2.166824,2D0=1
timestamp=2.167042,20=1
timestamp=2.167310,B4=1
timestamp=2.167647,25=1
timestamp=2.168639,22=1
timestamp=2.168863,23=1
timestamp=2.173139,B0=1
timestamp=2.173291,320=1
timestamp=2.173499,B2=1
timestamp=2.175013,2C1=1
timestamp=2.179109,20=1
timestamp=2.179355,223=1
timestamp=2.179603,B4=1
timestamp=2.179842,25=1
timestamp=2.180711,22=1
timestamp=2.180936,23=1
timestamp=2.182198,2C6=1
timestamp=2.185172,B0=1
timestamp=2.185424,224=1
timestamp=2.185632,B2=1
timestamp=2.185874,2C4=1
timestamp=2.191142,20=1
timestamp=2.191410,B4=1
timestamp=2.191662,25=1
timestamp=2.192734,22=1
timestamp=2.192956,23=1
timestamp=2.197234,B0=1
timestamp=2.197461,B2=1
timestamp=2.197685,340=1
timestamp=2.198577,2D0=1
timestamp=2.203191,20=1
timestamp=2.203437,223=1
timestamp=2.203685,B4=1
timestamp=2.203923,25=1
timestamp=2.204783,22=1
timestamp=2.205005,23=1
timestamp=2.206761,2C1=1
timestamp=2.208815,2C4=1
timestamp=2.209278,B0=1
timestamp=2.209530,224=1
timestamp=2.209738,B2=1
timestamp=2.213928,2C6=1
timestamp=2.215226,20=1
timestamp=2.215494,B4=1
timestamp=2.215732,25=1
timestamp=2.216824,22=1
timestamp=2.217044,23=1
timestamp=2.221326,B0=1
timestamp=2.221478,320=1
timestamp=2.221687,B2=1
timestamp=2.227314,20=1
timestamp=2.227561,223=1
timestamp=2.227809,B4=1
timestamp=2.228047,25=1
timestamp=2.228907,22=1
timestamp=2.229129,23=1
timestamp=2.230305,2D0=1
timestamp=2.232351,2C4=1
timestamp=2.233409,B0=1
timestamp=2.233662,224=1
timestamp=2.233870,B2=1
timestamp=2.238495,2C1=1
timestamp=2.239362,20=1
timestamp=2.239630,B4=1
timestamp=2.239868,25=1
timestamp=2.240962,22=1
timestamp=2.241186,23=1
timestamp=2.245426,B0=1
timestamp=2.245682,2C6=1
timestamp=2.245890,B2=1
timestamp=2.246114,340=1
timestamp=2.251388,20=1
timestamp=2.251634,223=1
timestamp=2.251873,25=1
timestamp=2.252121,B4=1
timestamp=2.252991,22=1
timestamp=2.253213,23=1
timestamp=2.255915,2C4=1
timestamp=2.257455,B0=1
timestamp=2.257707,224=1
timestamp=2.257915,B2=1
timestamp=2.262059,2D0=1
timestamp=2.263401,20=1
timestamp=2.263669,B4=1
timestamp=2.263907,25=1
timestamp=2.264706,56F=1
timestamp=2.264992,22=1
timestamp=2.265214,23=1
timestamp=2.269490,B0=1
timestamp=2.269642,320=1
timestamp=2.269850,B2=1
timestamp=2.270244,2C1=1
timestamp=2.275458,20=1
